Name,Sequence
HQ589011,CGTGAAACCGTTGAAAGGGAAACGCGC-TCGGCTAGCA-ATGTGCCAT-CAC---GGTTCAGCC-AGT-----------TTGCGGGCG-------------GAGTGGGCGGTCGTC-GGATCC-GAACGGACC-GCGA----------TTGTTCACG----TCC----------GTCA-GC-GAAAT-GCGGTGCA-CTCT--GTGG-T--GGCACGC-GTCAG--------CGTCGGTTCGGAG---------------------------CGGGCGACAAGGCC---------GG--TGGGAAGGTAG-CTCGGGC-TT------------------------C-GGTCCGAGTATTATAGCCCGC---C-GAGCTGGG----------TTCGCTG---CGGACCGAG----------GAGAG--------------------AGAGG---------ATCGC-TGCAGC-GCATGCC-----------------------GCAAGGCTAGCTGCCCG-TC-------------------------GTCCGGCTT-GCTTCACAGGCTG-----AGGACTGCAC-GC-AGTGTTC-GGC-------T----TGGCGGGGTGG-TCTGG----CGATGGTG--CGGTA--------------------TAAA-TGCGCTT-AGGACG-CTGGCGTCCAAATG-GC-----------------CGTGCGCGACCCGTCTTGAAAA-CACGGA---A
Consensus,CGTGAAACCGTTGAAAGGGAAACGCGC-TCGGCTAGCA-ATGTG-CGC-GGT---GGTTCAGCC-GGC-----------TTGTCTTGT-------------GAGTTGGCGGGTGTC-GGATCC-GAATGGACC-GCGG----------C-GTCGTCG----TCG----------GTGG-GC-GAGCT-GTGGTGCA-CTCT--ATCG-C--GGTGCGC-GTCAG--------CGTCGGTTCGCGG---------------------------CGGGCGATAAGGCG-------C-GT--GGGGAAGGTAG-CTCGGTG-CT------------------------T-GCTCCGAGTGTTATAGACCCT---G-GTGCTGGG----------TTCGTTG---CGGACCGAG----------GAGAG--------------------AGAGG---------ATCGC-TGCAGC-GCATGCC-----------------------GCAAGGCTAGCTACCTG-TT-------------------------GTCAGGTGT-GCKTCACGCGCTG-----AGGACTGCAC-GC-AGTGCTC-GGT-------G----TGGCGGCGTGG-TCTGG----TGGTGGTG--GGGTA--------------------TAAA-TGCGCTT-AGGACG-CTGGCGTCCAAATG-GC-----------------CGTGCGCGACCCGTCTTGAAAA-CACGGACCAA
MH385242,CGTGAAACCGTTGAAAGGGAAACGCGC-TCGGCTAGCA-ATGCAC-GCCTGT---GGTTCAGCC-GGC-----------TAGTCCTGT-------------GGGTTGTCGTGTTGC-GGATCC-GAATGGACC-GTTC---------GC-GGCAGCG----TCG----------CTGG-GC-GAGCT-GTGGTGCA-CTCC--ATGGGC---GTGCGC-GTCAG--------CGTCGGTTCTCGA---------------------------CGAGCGATGAGGTG-------CGTG--GGGGAAGGTAG-CTCGGTT-TTT-----------------------CGGAAGCGAGTGTTA-AGACCCT---G-GTGCTGGG----------CTCGTCG--TGGGACCGAG----------GAGAG--------------------AGATG---------ATCGC-TGCGGC-ACCTGCC---------------------TCTCGGGGCTAGCCAGCTG-TC-------------------------GTCAGATGT-TCGTCAGGCGTTG-----AGGACTGCAC-GC-AGTGCTC-GGC-------G----TCTTGGCGGGG-TCTGG----TGGTGGTGT-GGGCA--------------------TAGA-GGTGCCT-AGRACG-CTGGCGTCCAAATG-GC-----------------CGTGCGCGACCCGTCTTGAAAA-CACGGA---A
MH385317,CGTGAAACCGTTGAAAGGGAAACGCGC-TCGGCTAGCA-ATGCAC-GCCTGT---GGTTCAGCC-GGC-----------TAGTCCTGT-------------GGGTTGTCGTGTGGC-GGATCC-GAATGGACC-GTCC---------GC-GGCAACG----TCG----------CTGG-GC-GAGCT-GTGGTGCA-CTCC--ATGGGT---GTGCGC-GTCAG--------CGTCGGTTCTCGA---------------------------CGAGCGATGAGGTG-------CGTG--GGGGAAGGTAG-CTCGGTT-CTT-----------------------CGGAAGCGAGTGTTA-AGACCCT---G-GTGCTGGG----------CTCGTTG--TGGGACCGAG----------GAGAG--------------------AGATG---------ATCGC-TGCGGC-ACCTGCC---------------------TTTCGGGGCTAGCCAGCTG-TT-------------------------GTCAGATGT-GTGTCAGGCGTTG-----AGGACTGCAC-GC-AGTGCTC-GGT-------G----TTTTGGCGTGG-TCTGG----TGGTGGTGT-GGGCA--------------------TAGA-GGTGCCT-AGGACG-CTGGCGTCCAAATG-GC-----------------CGTGCGCGACCCGTCTTGAAAA-CACGGA---A
MH385236,CGTGAAACCGTTGAAAGGGAAACGCGC-TCGGCTAGCA-ATGCGC-GTCTGT---GGTTCAGCC-GGC-----------TAGTCTTGTC------------GAGTTGTCGTTGGGT-GGATCC-GAATGGACC-GTCT---------GC-GGCAACG----GCG----------GTGG-GC-GAGCT-ATGGTGCA-CTCC--ATGGGC---GTGCGC-GTCAG--------CGTCGGTTCTCGA---------------------------CGGACGACAAGGTG-------CGT---GGGAAAGGTAG-CTCGGTC-TTC-------------------------GGACTGAGTGTTATAGGCCCG---T-GCACTGGG----------TTCGTCG--TGGGACCGAG----------GAGAG--------------------AGATG---------ATCGC-TGCGGT-ACCTGCC---------------------TCTCGGGGCTAGCCAGCTG-TT-------------------------GTCAGGTGT-GCGCCAGGTGCCG-----AGGACTGCAC-GC-AGTGCTT-GGT-------G----TTGAGGTGTGA-TCTGT----CGGCGGTGT-GGGTA--------------------TAGA-GGTGCCT-AGGACG-CTGGCGTCCAAATG-GC-----------------CGTGCGCGACCCGTCTTGAAAA-CACGGA---A
MH385288,CGTGAAACCGTTGAAAGGGAAACGCGC-TCGGCTAGCA-ATGCGC-GTCGGT---GGTTCAGCC-GGC-----------TAGTCTTGTC------------GAGTTGTCGTGTGGT-GGATCC-GAATGGACT-GTCC---------GC-GGCGATG----TCG----------GTGG-GC-GAGCT-ATGGTGCA-CTCC--ATTGGC---GCGCGC-GTCAG--------CGTCGGTTCTCGG---------------------------CGAGCGATAAGGTG-------CCTG--GGGGAAGGTAG-CTCGGTC-TTC-------------------------GGACTGAGTGTTACAGACCCT---G-GTGCTGGG----------TTCGTCG--TGGGACCGAG----------GAGAG--------------------AGATG---------ATCGC-TGCGGT-ACCTGCC---------------------TTTCGGGGCTAGCCAGCTG-TT-------------------------GTCAGGCGT-GTGTCAGGCGTCG-----AGGACTGCAC-GC-AGTGCTC-GGT-------G----TTGAGGCGCGG-TCTGG----TGGCGGTGT-GGGTA--------------------TAGA-GGTGCCT-AGGACG-CTGGCGTCCAAATG-GC-----------------CGTGCGCGACCCGTCTTGAAAA-CACGGAA--A
MH385271,CGTGAAACCGTTGAAAGGGAAACGCGC-TCGGCTAGCA-ATGTAC-GTTCAT---GGTTCAGCC-GGC-----------TAGTCTTGTC------------GAGTCGTCGCTTCGC-GGATCC-GAATGGACT-GCGG---------GC-GGTGGTG----TCG----------GTGG-GC-GAGCT-GTGGTGCA-TTCC--ATGGGC---GTGCGC-GTCAG--------CGTCGGTTCCCGA---------------------------CGGGCGATAAGGTG-------CGTGC-GGGGAAGGTAG-CTCTGTC-TTC-------------------------GGGCGGAGTGTTATAGACCCGTTCG-GTGCTGGG----------CCCGTTG--TGGGACCGAG----------GAGAG--------------------AGATG---------ATCGT-TGCGGC-ACCTGCC---------------------TTTCGAGGCTAGCCAGCTG-TC-------------------------GCCGGGTGCGGCGTCACGCGTCG-----AGGACTGCAC-GC-AGTGCTC-GGT-------G----TGGAGGCGTGA-TCCGG----TGGTGGTGT-GGGTA--------------------TAGA-GGTGCCC-AGGACG-CTGGCGTCCAAATG-GC-----------------CGTGCGCGACCCGTCTTGAAAA-CACGGA---A
MH385264,CGTGAAACCGTTGAAAGGGAAACGCGC-TCGGCTAGCA-ATGTAC-GTCCAT---GGTTCAGCC-GGC-----------TAGTCTTGTC------------GAGTCGTCGCTTTGC-GGATCT-GAACGGACT-GCGG---------GC-GGTGGCG----TCG----------GTGG-GC-GAGCT-GTGGTGCA-TTCC--ATGGGC---GTGCGC-GTCAG--------CGTCGGTTCCCGA---------------------------CGGGCGATAAGGTG-------CGTGC-GGGGAAGGTAG-CTCTGTC-TTC-------------------------GGGCGGAGTGTTATAGACCCGTTCG-GTGCTGGG----------CCCGTTG--TGGGACCGAG----------GAGAG--------------------AGATG---------ATCGT-TGCGGC-ACCTGCC---------------------TTTCGAGGCTAGCCAGCTG-TC-------------------------GCCGGGTGCGGCGTCACGCGTCG-----AGGACTGCAC-GC-AGTGCTT-GGT-------G----CGGAGGCGTGA-TCCGG----AGGTGGTGT-GGGTA--------------------TAGA-GGTGCCC-AGGACG-CTGGCGTCCAAATG-GC-----------------CGTGCGCGACCCGTCTTGAAAA-CACGGA---A
MH385279,CGTGAAACCGTTGAAAGGGAAACGCGC-TCGGCTAGCA-ATGCAC-GCCTGT---GGTTCAGCC-GGC-----------TAATCTTGC-------------GAGTTGACGTGTGGC-GGATCC-GAATGGACC-GTCC---------GC-GTCGGCA----TCG----------CAGG-GC-GAGCT-GTGGTGCA-CTCC--ATGGAC---GTGCGC-GTCAG--------CGTCGGTTCTAGA---------------------------CGAGCGATGAGGTG-------C-CG--GAGGAAGGTAG-CTCGGTT-CTT-----------------------CGGATCCGAGTGTTA-AGACTCT---G-GTGCTGGG----------TTCGTCG--TGGGACCGAG----------GAGAG--------------------AGATG---------ATCGC-TGCGGC-ACCTGCC---------------------TCTCGGGGCTAGCCAGCTG-CT-------------------------GTTAGATGT-GTGTCAGGCGTCG-----AGGACTGCAC-GC-AGTGCTT-GAT-------G----TTGAGGCGTGG-TCTAG----TGGTGGTGT-GGGCA--------------------TAGA-GGTGCCT-AGGACG-CTGGCGTCCAAATG-GC-----------------CGTGCGCGACCCGTCTTGAAAA-CACGGAA---
MH385281,CGTGAAACCGTTGAAAGGGAAACGCGC-TCGGCTAGCA-ATGCAC-GCCTGT---GGTTCAGCC-GGC-----------TAATCTTGC-------------GAGTTGACGTGTGGC-GGATCC-GAATGGACC-GTCC---------GC-GTCGGCA----TCG----------CAGG-GC-GAGCT-GTGGTGCA-CTCC--ATGGAC---GTGCGC-GTCAG--------CGTCGGTTCTAGA---------------------------CGAGCGATGAGGTG-------C-CG--GAGGAAGGTAG-CTCGGTT-CTT-----------------------CGGATCCGAGTGTTA-AGACTCT---G-GTGCTGGG----------TTCGTCG--TGGGACCGAG----------GAGAG--------------------AGATG---------ATCGC-TGCGGC-ACCTGCC---------------------TCTCGGGGCTAGCCAGCTG-CT-------------------------GTTAGATGT-GTGTCAGGCGTCG-----AGGACTGCAC-GC-AGTGCTT-GAT-------G----TTGAGGCGTGG-TCTAG----TGGTGGTGT-GGGCA--------------------TAGA-GGTGCCT-AGGACG-CTGGCGTCCAAATG-GC-----------------CGTGCGCGACCCGTCTTGAAAA-CACGGAA---
MH385249,CGTGAAACCGTTGAAAGGGAAACGCGC-TCGGCTAGCA-ATGCAC-GCCTGT---GGTTCAGCC-GGC-----------TAATCTTGT-------------GAGTTGGCGTGTGGC-GGATCC-GAATGGACC-GTCC---------GC-GTCAGCA----TCG----------CAGG-GC-GAGCT-GTGGTGCA-CTCC--ATGGAC---GTGCGC-GTCAG--------CGTCGGTTCCAGA---------------------------CGAGCGATGAGGTA-------CGTG--GGGGAAGGTAG-CTCGGTT-CTT-----------------------CGGATCCGAGTGTTA-AGACCCT---G-GTGCTGGG----------CTCGTCG--TGGGACCGAG----------GAGAG--------------------AGATG---------ATCGC-TGCGGC-ACCTGCC---------------------TCTCGGGGCTAGCCAGCTG-CT-------------------------GCTAGATGT-GTGTCAGGCGTCG-----AGGACTGCAC-GC-AGTGCTT-GAT-------G----TTGAGGCGTGG-TCTAG----CGGTGGTGT-GGGTA--------------------TAGA-GGTGCCT-AGGACG-CTGGCGTCCAAATG-GC-----------------CGTGCGCGACCCGTCTTGAAAA-CACGGAA---
MH385228,CGTGAAACCGTTGAAAGGGAAACGCGC-TCGGCTAGCA-ATGCAC-GCCTGT---GGTTCAGCC-GGC-----------TAATCTTGT-------------GAGTTGGCGTGTGGC-GGATCC-GAATGGACC-GTCC---------GC-GTCAGCA----TCG----------CAGG-GC-GAGCT-GTGGTGCA-CTCC--ATGGAC---GTGCGC-GTCAG--------CGTCGGTTCCAGA---------------------------CGAGCGATGAGGTG-------CCTG--GGGGAAGGTAG-CTCGGTT-CTT-----------------------CGGATCCGAGTGTTA-AGACCCT---G-GTGCTGGG----------CTCGTCG--TGGGACCGAG----------GAGAG--------------------AGATG---------ATCGC-TGCGGC-ACCTGCC---------------------TCTCGGGGCTAGCCAGCTG-CT-------------------------GTTAGATGT-GTGTCAGGCGTTG-----AGGACTGCAC-GC-AGTGCTT-GAT-------G----TTGAGGCGTGG-TCTAG----CGGTGGTGT-GGGTA--------------------TAGA-GGTGCCT-AGGACG-CTGGCGTCCAAATG-GC-----------------CGTGCGCGACCCGTCTTGAAAA-CACGGAA---
MH385252,CGTGAAACCGTTGAAAGGGAAACGCGC-TCGGCTAGCA-ATGCAC-GCCCGT---GGTTCAGCC-GGC-----------TAATCTTGT-------------GAGTTGGCGTGTGGC-GGATCC-GAATGGACC-GTCC---------GC-GTCAGCA----TCG----------CAGG-GC-GAGCT-GTGGTGCA-CTCC--ATGGAC---GTGCGC-GTCAG--------CGTCGGTTCCCGA---------------------------CGAGTGATGAGGTG-------CCTG--GGGGAAGGTAG-CTCGGTT-CTT-----------------------CGGATCCGAGTGTTA-AGACCCT---G-GTGCTGGG----------CTCGTTG--TGGGACCGAG----------GAGAG--------------------AGATG---------ATCGC-TGCGGC-ACCTGCC---------------------TCTCGGGGCTAGCCAGCTG-CT-------------------------GTTAGATGT-GTGTCAGGCGTTG-----AGGACTGCAC-GC-AGTGCTT-AAT-------G----TTGAGGCGTGG-TCTAG----CGGTGGTGT-GGGTA--------------------TAGA-GGTGCCT-AGGACG-CTGGCGTCCAAATG-GC-----------------CGTGCGCGACCCGTCTTGAAAA-CACGGAA---
MH385255,CGTGAAACCGTTGAAAGGGAAACGCGC-TCGGCTAGCA-ATGCAC-GCCCGT---GGTTCAGCC-GGC-----------TAGTCTTGT-------------GAGTTGGCGTGTGGC-GGATCC-GAATGGACC-GTCC---------GC-GTCAGCA----TCG----------CAGG-GC-GAGCT-GTGGTGCA-CTCC--ATGGAC---GTGCGC-GTCAG--------CGTCGGTTCCCGA---------------------------CGAGTGATGAGGTG-------C-CG--GGGGAAGGTAG-CTCGGGT-CTT-----------------------CGGATCTGAGTGTTA-AGACCCT---G-GTGCTGGG----------CTCGTTG--TGGGACCGAG----------GAGAG--------------------AGATG---------ATCGC-TGCGGC-ACCTGCC---------------------TCTCGGGGCTAGCCAGCTG-TC-------------------------GTCAGATGT-GCGTCAGGCGTTG-----AGGACTGCAC-GC-AGTGCTC-GAT-------G----TTGCGGCGTGG-TCTGG----TGGTGGTGT-GGGTA--------------------TAGA-GGTGCCT-AGGACG-CTGGCGTCCAAATG-GC-----------------CGTGCGCGACCCGTCTTGAAAA-CACGGAA---
MH385285,CGTGAAACCGTTGAAAGGGAAACGCGC-TCGGCTAGCA-ATGCGC-GTCGGT---GGTTCAGCC-GGC-----------TAGTCTTGTC------------GAGTTGTCGTGTGGC-GGATCC-GAATGGACT-GTCC---------GC-GGCGATG----TCG----------GTAG-GC-CAGCT-ATGGTGCA-CTCC--ATTGGC---GCGCGC-GTCAG--------CGTCGGTTCTCGG---------------------------CGAGCGATAAGGTG-------CGTG--GGGGAAGGTAG-CTCCGTC-TTC-------------------------GGATTGAGTGTTACAGACCCT---G-GTGCTGGG----------CTCGTCG--TGGGACCGAG----------GAGAG--------------------AGATG---------ATCGC-TGCGGT-ACCTGCC---------------------TTTCGGGGCTAGCCAGCTG-TT-------------------------GTCAGGCGT-GTGTCAGGCGTCG-----AGGACTGCAC-GC-AGTGCTC-GAT-------G----TTGAGGCGTGG-TCTGG----TGGCGGTGT-GGGTA--------------------TATA-GGTGCCT-AGGACG-CTGGCGTCCAAATG-GC-----------------CGTGCGCGACCCGTCTTGAAAA-CACGGAA---
MH385292,CGTGAAACCGTTGAAAGGGAAACGCGC-TCGGCTAGCA-ATGCGC-GTCGGT---GGTTCAGCC-GGC-----------TAGTCTTGTC------------GAGTTGTCGTGTGGC-GGATCC-GAATGGACT-GTCC---------GC-GGCGATG----TCG----------GTAG-GC-CAGCT-ATGGTGCA-CTCC--ATTGGC---GCGCGC-GTCAG--------CGTCGGTTCTCGG---------------------------CGAGCGATAAGGTG-------CGTG--GGGGAAGGTAG-CTCCGTC-TTC-------------------------GGATGGAGTGTTACAGACCCT---G-GTGCTGGG----------TTCGTCG--TGGGACCGAG----------GAGAG--------------------AGATG---------ATCGC-TGCGGT-ACCTGCC---------------------TTTCGGGGCTAGCCAGCTG-TT-------------------------GCCAGGCGT-GTGTCAGGCGTCG-----AGGACTGCAC-GC-AGTGCTC-GGT-------G----TTGAGGCGTGG-TCTGG----TGGCGGTGT-GGGTA--------------------TAGA-GGTGCCT-AGGACG-CTGGCGTCCAAATG-GC-----------------CGTGCGCGACCCGTCTTGAAAA-CACGGAA---
MH385304,CGTGAAACCGTTGAAAGGGAAACGCGC-TCGGCTAGCA-ATGCGC-GTCGGT---GGTTCAGCC-GGC-----------TAGTCTTGTC------------GAGTCGTCGTGTGGC-GGATCC-GAATGGACC-GTCC---------GC-GGCGATG----TCG----------GTGG-GC-TGGCT-ATGGTGCA-CTCC--ATTGAC---GCGCGC-GTCAG--------CGTCGGTTCTCGG---------------------------CGAGCGATAAGGTG-------CCTG--GGGGAAGGTGG-CTCCGTT-CTC-------------------------GGATGGAGTGTTACAGACCCT---G-GTGCTGGG----------TTCGTCG--TGGGACCGAG----------GAGAG--------------------AGATG---------ATCGC-TGCGGT-ACCTGCC---------------------TTTCGGGGCTAGCCAGCTG-TT-------------------------GCCAGGCGT-GTGTCAGGCGTCG-----AGGACTGCAC-GC-AGTGCTC-GGT-------G----TTGAGGCGTGG-TCTGG----TGGCGGTGT-GGGTA--------------------TAGA-GGTGCCT-AGGACG-CTGGCGTCCAAATG-GC-----------------CGTGCGCGACCCGTCTTGAAAA-CACGGAA---
MH385305,CGTGAAACCGTTGAAAGGGAAACGCGC-TCGGCTAGCA-ATGCGC-GTCGGT---GGTTCAGCC-GGC-----------TAGTCTTGTC------------GAGTCGTCGTGTGGC-GGATCC-GAATGGACC-GTCC---------GC-GGCGATG----TCG----------GTGG-GC-TGGCT-ATGGTGCA-CTCC--ATTGAC---GCGCGC-GTCAG--------CGTCGGTTCTCGG---------------------------CGAGCGATAAGGTG-------CCTG--GGGGAAGGTGG-CTCCGTT-CTC-------------------------GGATGGAGTGTTACAGACCCT---G-GTGCTGGG----------TTCGTCG--TGGGACCGAG----------GAGAG--------------------AGATG---------ATCGC-TGCGGT-ACCTGCC---------------------TTTCGGGGCTAGCCAGCTG-TT-------------------------GCCAGGCGT-GTGTCAGGCGTCG-----AGGACTGCAC-GC-AGTGCTC-GGT-------G----TTGAGGCGTGG-TCTGG----TGGCGGTGT-GGGTA--------------------TAGA-GGTGCCT-AGGACG-CTGGCGTCCAAATG-GC-----------------CGTGCGCGACCCGTCTTGAAAA-CACGGAA---
MH385223,CGTGAAACCGTTGAAAGGGAAACGCGC-TCGGCTAGCA-ATGCAC-GTTTGT---GGTTCAGCC-GGC-----------TAGTCTTGTC------------GAGTCGTCGCGTGGT-GGATCC-GAACGGACT-GTCC---------GC-GGTGGCA----TCG----------GTGG-AC-GAGCT-GTGGTGCA-CTCC--ATGGAC---GTGCGC-GTCAG--------CGTCGGTTCTCGA---------------------------CGGGCGACAAGGTG-------CTT---GGGGAAGGTGG-CTCGACC-TTC-------------------------GGGTGGAGTGTTACAGACCCT---T-GCGCTGGG----------TTCGTCG--TGGGACCGAG----------GAGAG--------------------AGATG---------ATCGC-TGCGGC-ACCTGCC---------------------TTTCGGGGCTAGCCAGCTG-TT-------------------------GTCAGGTGT-GCGTCAGGCGTTG-----AGGACTGCAC-GC-AGTGCTC-GGT-------G----TTGAGGCGTGA-TCTGG----TGGCGGTGT-GGGTA--------------------TAGA-GGTGCCT-AGGACG-CTGGCGTCCAAATG-GC-----------------CGTGCGCGACCCGTCTTGAAAA-CACGGAA---
HQ589014,CGTGAAGCCGTTGAAAGGGAAACGCGC-TCGGCTAGCA-ATGTGCCAT-CAC---GGTTCAGCC-GTT-----------TTGGGCGGC-------------GCGGCAGTGGCTA-C-GGATCC-GAATGGACC-GGAG----------TCGTTGTTA----GCT---------GTCGT-CC-GAGAC-GCGGTGCA-CTCT--TTGG-T--GGTACGC-GTCAG--------CGTCGGTTGGCGG---------------------------TGGGTGATAAGGCC---------TG--TCGGAAGGTGA-CTC-----CC------------------------T-CCGGGGAGTGTTA-AGCCGTC---A-GTGCTGGG----------CCCACCA---GCGACCGAG----------GAGAG--------------------AGAGT---------ATCGT-CGCAGC-GCATGCC-----------------------GCAAGGCTAGCTGCCCG-CC-------------------------GTCCGGTTG-GTTCCATCGGTGG-----AGGACTGCAC-GC-AGTGCTC-TGT-------T----GAGCGGGGCTG-CCTGG----CGGTGGAG--CGGTA--------------------TAAA-TGCGCTT-AGGACG-CTGGCGTCCAAATG-GC-----------------CGTGCGCGACCCGTCTTGAAAA-CACGGA----
KY366398,CGTGAAGCCGTTGAAAGGGAAACGTGC-TCGGCTAGCA-ATGTGCCAC-GAC---GGTTCAGCC-GTT-----------TTGGGCAGT-------------GAGGTGGCTGCTGTC-GGATCC-GAATGGACC-GCTG----------TAGTCGTCG----TCG----------CTGT-CC-GAGAC-GCGGTGCA-CTCT--TTCG-T--GGTACGC-GTCAG--------CGTCGGTTCGCAG---------------------------CGGGCGATGAGGCC-------T-TG---CGGAAGGTAG-CTCGGAG-CT------------------------T-GCTCTGAGTGTTATAGACGCA---G-GTGCTGGG----------TCCGCTG---CGGACCGAG----------GAGAG--------------------AGAGT---------ATCGT-TGCAGC-GCATGCC-----------------------GCAAGGCTAGCTACCCG-CT-------------------------GTCTGGCTT-GCTTCACGAACTG-----AGGACTGCAC-GC-AGTGCTC-GGA-------T----TGGCGGAGTGG-TCAGG----CGGTGGAG--TGGTA--------------------TAAA-TGCGCTT-AGGACG-CTGGCGTCCAAATG-GC-----------------CGTGCGCGACCCGTCTTGAAAA-CACGG-----
HQ589010,CGTGAAGCCGTTGAAAGGGAAACGCGC-TCGGCTAGCA-ATGTGTCCA-GAC---GGTTCAGCC-GGT-----------TTGGTGGTA-------------GAGGTTATTGCTGTC-GGATCC-GAACGGACC-GCTG----------TAGTAGCCG----TCT----------GCTG-CC-GAACT-GCGGTGCA-CTCT--GTCG-G--GACACGC-GTCAG--------CGTCGGTTCGCAGTT-------------------------CAGGCGATAAGGCA-------C-GG--AGGGAAGGTAG-CTCGGAG-CT------------------------T-GCTTTGAGCATTATAGCCGCC---T-GTGCTGGG----------TCTGGTG---CGGACCGAG----------GAGAG--------------------AGAGG---------ATCGC-TGCAGT-GCATGCC-----------------------GCAAGGCTAGCTGCCCG-TC-------------------------GTTTGGTTC-GTTTCACAGGCTG-----AGGACTGCAC-GC-AGTGTTC-GGC-------T----TGGCGGAGTGG-CCAGG----TGGTGGAG--CAGTA--------------------TAAA-TGCACTT-AGGACG-CTGGCGTCCAAATG-GC-----------------CGTGCGCGACCCGTCTTGAAAA-CACG------
HQ589016,CGTGAAGCCGTTGAAAGGGAAACGCGC-TCGGCTAGCA-ATGTGTCGC-GAC---GGTTCAGCC-GGT-----------TTGGCGGTG-------------GAGGTCGTTGCTGTC-GGATCC-GAACGGACC-GCGG----------TAGTGGCCG----TCC----------GCTC-TC-GAACT-GCGGTGCA-CTCT--GTCG-C--GACACGC-GTCAG--------CGTCGGTTCGCAGCT-------------------------CAGGCGATAAGGCA-------C-GG--AGGGAAGGTAG-CTCGGAG-CT------------------------T-GCTCCGAGCATTATAGCCACC---T-GTGCTGGG----------TCTGGTG---CGGACCGAG----------GAGAG--------------------AGAGG---------ATCGC-TGCAGT-GCATGCC-----------------------GCAAGGCTAGCTGCCCG-TT-------------------------GTTCGGTTC-GTTTCACAGGCTG-----AGGACTGCAC-GC-AGTGTTC-GGC-------T----TGGCGGAGTGG-CCGGG----TGATGGAG--TGGTA--------------------TACA-TGCACTT-AGGACG-CTGGCGTCCAAATG-GC-----------------CGTGCGCGACCCGTCTTGAAAA-CACG------
HQ589015,CGTGAAGCCGTTGAAAGGGAAACGCGC-TCGGCTAGCA-ATGTGCCAC-GAC---GGTTCAGCC-GTC-----------TTGGGCGGC-------------GAGGTGGCGGCTGTT-GGATCC-GAATGGACC-GCTG----------TTGTCATCG----TCG----------TCGT-CC-GAGAT-GCGGTGCA-CTCT--TTCG-T--GGTACGC-GTCAG--------CGTCGGTTTGCGG---------------------------CAGGCGACAAGGCT-------C-TG---CGGAAGGTAG-CTCGGAG-CT------------------------T-GCTCCGAGTGTTATAGACGTG---G-ATGCTGGG----------TCTGCCG---CAGACCGAG----------GAGAG--------------------AGAGT---------ATCGT-TGCAGC-GCATGCC-----------------------GCAAGGCTAGCTACCTG-TT-------------------------GTCCGGCTC-GCTTCACGATCTG-----AGGACTGCAC-GC-AGTGCTT-GGG-------T----CGGCGGAGTGG-TCTGA----TGGCGGTG--TGGTA--------------------TAAA-TGCGCTC-AGGACG-CTGGCGTCCAAATG-GC-----------------CGTGCGCGACCCGTCTTAAAAA-CACG------
HQ589019,CGTGAAGCCGTTGAAAGGGAAACGCGC-TCGGCTAGCA-ATGTGCCAC-GAC---GGTTCAGCC-GTT-----------TTGGGCGGC-------------GAGATGGCTGCTGTC-GGATCC-GAATGGACC-GCGG----------TGGTTGTCG----TCG----------TCGCACC-GAAAT-GCGGTGCA-CTCT--TTCG-T--GGTACGC-GTCAG--------CGTCGGTTCGTAG---------------------------CGGGCGACAAGGCC-------T-TG---CGGAAGGTAG-CTCGGGG-CT------------------------T-GCTCTGAGTGTTATAGACGCA---G-GTGCTGGG----------TCTGCTG---CGGACCGAG----------GAGAG--------------------AGAGT---------ATCGT-TGCAGC-GCATGCC-----------------------GCAAGGCTAGCTACCTG-CT-------------------------GTCCGGCTC-GCTTCACGGATTG-----AGGACTGCTC-GC-AGTGCTC-GGC-------C----CGGCGGGGTGG-TCTGG----CGGTGGTG--TGGTA--------------------TAAA-TGCGCTC-AGGACG-CTGGCGTCCAAATG-GC-----------------CGTGCGTGACCCGTCTTGAAAA-CACG------
MH385265,CGTGAAACCGTTGAAAGGGAAACGCGC-TCGGCTAGCA-ATGTAC-GTCTAT---GGTTCAGCC-GGC-----------TAGTCTTGTC------------GAGTCGTCGCTTTGC-GGATCT-GAACGGACT-GCGG---------GC-GGTGGCG----TCG----------GTGG-GC-GAGCT-GTGGTGCA-TTCC--ATGGGC---GTGCGC-GTCAG--------CGTCGGTTCCCGA---------------------------CGGGCGATAAGGTG-------CGTGC-GGGGAAGGTAG-CTCCGTC-TTC-------------------------GGGCGGAGTGTTATAGACCCGTTCG-GTGCTGGG----------CCCGTTG--TGGGACCGAG----------GAGAG--------------------AGATG---------ATCGT-TGCGGC-ACCTGCC---------------------TTTCGAGGCTAGCCAGCTG-TC-------------------------GCCGGGTGCGGCGTCACGCGTCG-----AGGACTGCAC-GC-AGTGCTC-GGT-------G----CGGAGGCGTGA-TCCGG----AGGCGGTGT-GGGTA--------------------TAGA-GGTGCCC-AGGACG-CTGGCGTCCAAATG-GC-----------------CGTGCGCGACCCGTCTTGAAAA-CACG------
HQ589007,CGTGAAGCCGTTGAAAGGGAAACGCGC-TCGGCTAGCA-ATGTGTCTC-GAC---GGTTCAGCC-GGT-----------TTGGGAGTA-------------GAGGTCGTCGTTGTC-GGATCC-GAATGGACC-GCGG----------CGGCGGTCG----TCT----------GCTC-TC-GAACT-GCGGTGCA-CTCT--GTCG-G--GACACGC-GTCAG--------CGTCGGTTCGCAGTT-------------------------CAGGCGATAAGGCA-------C-GG--AGGGAAGGTAG-CTCGGAG-CT------------------------T-GCTCCGAGCATTATAGCCACC---T-GTGCTGGG----------TCTGGTG---CGGACCGAG----------GAGAG--------------------AGAGG---------ATCGC-TGCAGT-GCATGCC-----------------------GCAAGGCTAGCTGCCCG-TT-------------------------GTCAGGTTC-RTTTCACAAGCTG-----TGGACTGCAC-GC-AGTGTTC-GGT-------T----TGGCGGAGTGG-CCTGG----TGGCGGAG--CGGTA--------------------TACA-TGCACTT-AGGACG-CTGGCGTCCAAATG-GC-----------------CGTGCGCGACCCGTCTTGAAAAACAC-------
HQ589012,CGTGAAACCGTTGAAAGGGAAACGCGC-TCGGCTAGCA-ATGCGCCAT-TAC---GGTTCAGCC-AGT-----------TTGCGGGCG-------------GAGTGGGCGGTCGTC-GGATCT-GAACGGACC-GCGG----------TTGTTCACG----TCC----------GTTC-GC-GAAAT-GCGGTGCA-CTCT--GTGG-T--GGCGCGC-GTCAG--------CGTCGGTTCGGAG---------------------------CGGGCGACAAGGCC---------GG--CAGGAAGGTAG-CTCGTAG-CT------------------------T-GCTGCGAGTATTATAGCCTGT---C-GAGCTGGG----------TCCGCTGC-TCGGACCGAG----------GAGAG--------------------AGAGG---------ATCGC-TGCAGC-GCATGCC-----------------------GCAAGGCTAGCTGCCCT-TC-------------------------GTCCGGCTT-GCTTCACGGGTTG-----AGGACTGCAC-GC-AGTGTTC-GAA-------C----CGGCGAGGTGG-TCTGG----CGGGGGTG--CGGTA--------------------TAAA-TGCGCTT-AGGACG-CTGGCGTCCAAATG-GC-----------------CGTGCGCGACCCGTCTTGAAAA-CAC-------
HQ589008,CGTGAAGCCGTTGAAAGGGAAACGCGC-TCGGCTAGCA-ATGTGCCAC-GAC---GGTTCAGCC-GTC-----------TTGGGCGGC-------------GAGGTGGCGGCTGTT-GGATCC-GAATGGACC-GCTG----------TTGTCATCG----TCG----------TCGT-CC-GAGAT-GCGGTGCA-CTCT--TTCG-T--GGTACGC-GTCAG--------CGTCGGTTTGCGG---------------------------CGGGCGACAAGGCT-------C-TG---CGGAAGGTAG-CTCGGAG-CT------------------------T-GCTTCGAGTGTTATAGACGTA---G-ATGCTGGG----------TCCGCCG---CAGACCGAG----------GAGAG--------------------AGAGT---------ATCGT-TGCAGC-GCATGCC-----------------------GCAAGGCTAGCTACCTG-TT-------------------------GTCCGGCAC-GCTTCACGAACTG-----AGGACTGCAC-GC-AGTGCTT-GGG-------T----CGGCGGAGTGG-TCTGA----TGGTGGTG--TGGTA--------------------TAAA-TGCGCTC-AGGACG-CTGGCGTCCAAATG-GC-----------------CGTGCGCGACCCGTCTTGAAAA-CAC-------
HQ589013,CGTGAAGCCGTTGAAAGGGAAACGCGC-GCGGCTAGCA-ATGTGCCAC-GAC---GGTTCAGCC-GTT-----------TTGGGCGGC-------------GAGGTGGCTGCTGTC-GGATCC-GAATGGACC-GCAG----------TGGTTGCCG----TCG----------TCGT-CC-GAAAT-GCGGTGCA-CTCT--TTCG-T--GGTACGC-GTCAG--------CGTCGGTTCGTAG---------------------------CGGGCGACAAGGCC-------T-TG---TGGAAGGTAG-CTCGGGG-CT------------------------T-GCCCTGAGTGTTATAGACACA---G-GTGCTGGG----------TCTGCTG---TGGACCGAG----------GAGAG--------------------AGAGT---------ATCGT-TGCAGC-GCATGCC-----------------------GCAAGGCTAGCTACCCG-CT-------------------------GTCCGGCTC-GTTTCACGGATTG-----AGGACTGCTC-GC-AGTGCTC-GGC-------C----CGGCGGAGCGG-TCTGA----TGGTGGTG--TGGTA--------------------TAAA-TGCGCTC-AGGACG-CTGGCGTCCAAATG-GC-----------------CGTGCGCGACCCGTCTTGAAAAACAC-------
MH385222,CGTGAAACCGTTGAAAGGGAAACGCGC-TCGGCTAGCA-ATGCAC-GTTTGT---GGTTCAGCC-GGC-----------TAGTCTTGTC------------GAGTCGTCGCGTGGT-GGATCC-GAACGGACT-GTCC---------GC-GGTGGCA----TCG----------GTGG-AC-GAGCT-GTGGTGCA-CTCC--ATGGAC---GTGCGC-GTCAG--------CGTCGGTTCTCGA---------------------------CGGGCGACAAGGTG-------CTT---GGGGAAGGTGG-CTCGACC-TTC-------------------------GGGTGGAGTGTTACAGACCCT---T-GCGCTGGG----------TTCGTCG--TGGGACCGAG----------GAGAG--------------------AGATG---------ATCGC-TGCGGC-ACCTGCC---------------------TTTCGGGGCTAGCCAGCTG-TT-------------------------GTCAGGTGT-GCGTCAGGCGTTG-----AGGACTGCAC-GC-AGTGCTC-GGT-------G----TTGAGGCGTGA-TCTGG----TGGCGGTGT-GGGTA--------------------TAGA-GGTGCCT-AGGACG-CTGGCGTCCAAATG-GC-----------------CGTGCGCGACCCGTCTTGAAAA-CAC-------
HQ589004,CGTGAAACCGTTGAAAGGGAAACGCGC-TCGGCTAGCA-ATGTGCCTC-GGC---GGTTCAGCC-GGT-----------TTGGGTGTG-------------GAGGTCGTCGTTGTC-GGATCC-GAATGGACC-GCGG----------CGGCAGCCG----TCC----------GCGC-CC-GAGCC-GCGGTGCA-CTCT--GTCG-G--GGTACGC-GTCAG--------CGTCGGTTCGCAGTT-------------------------CAGGCGATAAGGCA-------C-GG--AGGGAAGGTAG-CTCGGGG-CT------------------------T-GCCCTGAGCATTATAGCCGCC---T-GTGCTGGG----------TCTGGTG---CGGACCGAG----------GAGAG--------------------AGAGG---------ATCGC-TGCAGC-GCATGCC-----------------------GCAAGGCTAGCTGCCCG-CG-------------------------TCTCGGTAC-GCTTCACGGGCTG-----AGGACTGCAC-GC-AGTGTTC-GGA-------C----CGGCGGAGTTG-CCAGG----GGGTGGAG--CAGTA--------------------TAAA-TGCGCTT-AGGACG-CTGGCGTCCAAATG-GC-----------------CGTGCGCGACCCGTCTTGAAAA-CA--------
MH385318,CGTGAAACCGTTGAAAGGGAAACGCGC-TCGGCTAGCA-ATGCAC-GCCTGT---GGTTCAGCC-GGC-----------TAGTCCTGT-------------GGGTTGTCGTGTGGC-GGATCC-GAATGGACC-GTCC---------GC-GGCAACG----TCG----------CTGG-GC-GAGCT-GTGGTGCA-CTCC--ATGGGT---GTGCGC-GTCAG--------CGTCGGTTCTCGA---------------------------CGAGCGATGAGGTG-------CGTG--GGGGAAGGTAG-CTCGGTT-CTT-----------------------CGGAAGCGAGTGTTA-AGACCCT---G-GTGCTGGG----------CTCGTTG--TGGGACCGAG----------GAGAG--------------------AGATG---------ATCGC-TGCGGC-ACCTGCC---------------------TTTCGGGGCTAGCCAGCTG-TT-------------------------GTCAGATGT-GTGTCAGGCGTTG-----AGGACTGCAC-GC-AGTGCTC-GGT-------G----TTTTGGCGTGG-TCTGG----TGGTGGTGT-GGGCA--------------------TAGA-GGTGCCT-AGGACG-CTGGCGTCCAAATG-GC-----------------CGTGCGCGACCCGTCTTGNAAA-CACGGA---A
